{
  "mae": 4.79616601060701,
  "rmse": 6.170617990235661,
  "r2": 0.8532480982782734
}