{
  "mae": 6.3259910911838,
  "rmse": 12.451563016404522,
  "mape": 20.94040655636146,
  "r2": 0.7366644779780918
}