{
  "mae": 16.63868204863175,
  "rmse": 24.037974061848683,
  "r2": 0.42078822416096784
}