{
  "mae": 6.170748479375193,
  "rmse": 11.861272174704059,
  "mape": 23.496973179744923,
  "r2": 0.7610405293157625
}