{
  "mae": 21.938638555798633,
  "rmse": 26.817415283731357,
  "mape": 117.91256134614274,
  "r2": -0.2239874853095214
}