{
  "mae": 0.008305351410969457,
  "rmse": 0.010356318283627862,
  "r2": 0.921055038901482
}