{
  "mae": 6.1849925958740934,
  "rmse": 136.21309214606853,
  "mape": 24.843540422800654,
  "r2": 0.7686441122149408
}