{
  "mae": 10.851338603263619,
  "rmse": 16.349452518526224,
  "mape": 23.279051533456855
}