Split,MAE,RMSE,MAPE(|y|>=10.0)(%),sMAPE(%),WAPE(%),MAPE_raw(%),DirectionalAccuracy
Train,6.60328483581543,9.514701843261719,9.826482832431793,14.348885416984558,8.121729082368665,1927845.1171875,0.34494719752933417
Validation,9.330766677856445,13.332505226135254,17.516957223415375,15.53252637386322,12.751665998453868,37.07650601863861,0.3429859277100969
Test,12.711873054504395,17.105525970458984,27.550223469734192,23.712514340877533,19.115651810111675,66.40172600746155,0.33754856284922685
