Split,MAE,RMSE,MAPE(|y|>=10.0)(%),sMAPE(%),WAPE(%),MAPE_raw(%),DirectionalAccuracy
Train,10.144954681396484,14.87926959991455,15.407907962799072,20.82635760307312,12.47781606023599,3326894.53125,0.32807508561600107
Validation,9.824569702148438,13.777111053466797,17.85186380147934,16.032230854034424,13.426510210319803,38.80116939544678,0.33689077517638766
Test,12.888378143310547,17.311307907104492,27.093353867530823,23.64528924226761,19.38107337038744,68.74113082885742,0.333446840125683
