Split,MAE,RMSE,MAPE(%),PctErrorMean(%y_hat-%y),PctErrorMedian(%y_hat-%y),PctChangeMAE,ActualPctChangeMean,PredPctChangeMean,DirectionalAccuracy,HitRateUp,HitRateDown,SpikeThresholdAbsPctChg,SpikePrecision,SpikeRecall,SpikeF1
Train,7.64248197065556,9.591936154082683,9.019812521466,-0.12354483226366142,0.2457511138529153,1.489234016314097,-0.004103361174962612,-0.021199512461387047,0.503725782414307,0.6818181818181818,0.3333333333333333,6.67289207053937,,0.0,
Validation,8.979040804506136,12.520267289838939,10.732315107397739,0.5994148984414768,2.4046115393918894,1.7143024037226349,0.04032880102171487,0.010841324847389044,0.5201192250372578,0.5483870967741935,0.5714285714285714,7.114492942531561,,0.0,
Test,20.512353163887095,27.497906305106557,108.60201991666365,101.59841586605947,12.542015611802356,7.188184594100846,2.2436237071103795,9.320430790497025e-06,0.5156482861400894,0.6190476190476191,0.5714285714285714,20.973200183329702,,0.0,
