Split,MAE,RMSE,MAPE(%),PctErrorMean(%y_hat-%y),PctErrorMedian(%y_hat-%y),PctChangeMAE,ActualPctChangeMean,PredPctChangeMean,DirectionalAccuracy,HitRateUp,HitRateDown,SpikeThresholdAbsPctChg,SpikePrecision,SpikeRecall,SpikeF1
Train,11.606011974289808,18.28030026938666,32.65773305642265,23.29348889029132,-0.16653893338845016,6.047461612216987,2.4577316572858536,0.054275037475258935,0.3506161081016727,0.33307107264621033,0.36520222391802026,16.30540948626131,0.4823529411764706,0.04880952380952381,0.08864864864864865
Validation,13.126746835619748,16.054184849287655,13.104053941802002,-9.345040741303539,-11.03775584065506,1.9425446810737408,0.07022072883319662,0.015622764750773867,0.32803970223325063,0.2465753424657534,0.425,8.444574012491316,0.35714285714285715,0.04950495049504951,0.08695652173913043
Test,10.719766500821287,16.0752015324026,22.72413003546839,15.283400718149728,2.539410975423445,2.923324849312514,0.5292925985597037,0.008249038143888264,0.32555831265508683,0.3126315789473684,0.3370892018779343,10.649340352729732,0.8,0.07920792079207921,0.14414414414414414
