Metric,Train,Validation,Test,Val-Train,Test-Train
MAE,6.60328483581543,9.330766677856445,12.711873054504395,2.7274818420410156,6.108588218688965
RMSE,9.514701843261719,13.332505226135254,17.105525970458984,3.817803382873535,7.590824127197266
MAPE(|y|>=10.0)(%),9.826482832431793,17.516957223415375,27.550223469734192,7.6904743909835815,17.7237406373024
sMAPE(%),14.348885416984558,15.53252637386322,23.712514340877533,1.183640956878662,9.363628923892975
WAPE(%),8.121729082368665,12.751665998453868,19.115651810111675,4.629936916085203,10.99392272774301
DirectionalAccuracy,0.34494719752933417,0.3429859277100969,0.33754856284922685,-0.001961269819237277,-0.007398634680107319
