{
  "mae": 19.744617221350584,
  "rmse": 25.190852236744277,
  "r2": -0.12035867689164337
}