{
  "mae": 5.897596514981895,
  "rmse": 73.13898876222522,
  "mape": 23.560653715413636,
  "r2": 0.897884812200667
}