{
  "mae": 22.413307209003978,
  "rmse": 27.287546549915437,
  "r2": -0.2672786602270092
}